Исходный код,O0,O2,Os,Комментарии
,,,,
,,,,
	¦ Размножение констант и копий ¦,,,,
,,,,
,,,,
j4 = 2;,"	movl	$2, j4","	movl	$.L.str, %edi","	movl	$.L.str, %edi",O2 и Os подставляют константы
"printf(""%d"", j4);","	movl	j4, %esi","	movl	$2, %esi","	movl	$2, %esi",Вместо явного чтения из памяти
,"	movabsq	$.L.str, %rdi","	xorl	%eax, %eax","	xorl	%eax, %eax",
,"	movb	$0, %al",	callq	printf,	callq	printf,"O2, Os: в j4 не присваивает значение"
,	callq	printf,,,так как дальше оно изменится
,,,,
,,,,
,,,,
,,,,
,,,,
	if (i2 < j4 && i4 < j4) {,"	movl	i2, %eax","	movl	i2(%rip), %r14d","	movl	i2(%rip), %r14d",
    i2 = 2;,"	cmpl	j4, %eax","	movl	i4(%rip), %ebp","	movl	i4(%rip), %ebp",
"    printf(""%d"", i2);",	jge	.LBB0_3,"	cmpl	$1, %r14d","	cmpl	$1, %r14d","O2, Os: сравнение i2 > 1, i4 > 1"
	},# %bb.1:,	jg	.LBB0_3,	jg	.LBB0_3,
,"	movl	i4, %eax",# %bb.1:,# %bb.1:,
,"	cmpl	j4, %eax","	cmpl	$1, %ebp","	cmpl	$1, %ebp",
,	jge	.LBB0_3,	jg	.LBB0_3,	jg	.LBB0_3,
,# %bb.2:,# %bb.2:,# %bb.2:,
,"	movl	$2, i2","	movl	$2, %r14d","	movl	$2, %r14d","O2, Os: в i2 не присваивает значение"
,"	movl	i2, %esi","	movl	$.L.str, %edi","	movl	$.L.str, %edi",так как дальше оно изменится
,"	movabsq	$.L.str, %rdi","	movl	$2, %esi","	movl	$2, %esi",
,"	movb	$0, %al","	xorl	%eax, %eax","	xorl	%eax, %eax",держит в регистре i2 для сравнения
,	callq	printf,	callq	printf,	callq	printf,
,,,,
,,,,
,.LBB0_3:,.LBB0_3:,.LBB0_3:,
	j4 = k5;,"	movl	k5, %eax","	movl	k5(%rip), %ebx","	movl	k5(%rip), %ebx",
"printf(""%d"", j4);","	movl	%eax, j4","	movl	%ebx, j4(%rip)","	movl	%ebx, j4(%rip)","O2, Os: здесь присвоение в j4"
,"	movl	j4, %esi","	movl	$.L.str, %edi","	movl	$.L.str, %edi",
,"	movabsq	$.L.str, %rdi","	movl	%ebx, %esi","	movl	%ebx, %esi",
,"	movb	$0, %al","	xorl	%eax, %eax","	xorl	%eax, %eax",
,	callq	printf,	callq	printf,	callq	printf,
,,,,
,,,,
	if (i2 < j4 && i4 < j4) {,"	movl	i2, %eax","	cmpl	%ebx, %r14d","	cmpl	%ebx, %r14d",
    i5 = 3;,"	cmpl	j4, %eax",	jge	.LBB0_6,	jge	.LBB0_6,
"    printf(""%d"", i5);",	jge	.LBB0_6,# %bb.4:,# %bb.4:,
	},# %bb.4:,"	cmpl	%ebx, %ebp","	cmpl	%ebx, %ebp",
,"	movl	i4, %eax",	jge	.LBB0_6,	jge	.LBB0_6,
,"	cmpl	j4, %eax",# %bb.5:,# %bb.5:,
,	jge	.LBB0_6,"	movl	$.L.str, %edi","	movl	$.L.str, %edi",
,# %bb.5:,"	movl	$3, %esi","	movl	$3, %esi","O2, Os: в i5 не присваивает значение"
,"	movl	$3, i5","	xorl	%eax, %eax","	xorl	%eax, %eax",так как дальше оно изменится
,"	movl	i5, %esi",	callq	printf,	callq	printf,
,"	movabsq	$.L.str, %rdi",,,
,"	movb	$0, %al",,,
,	callq	printf,,,
,,,,
,,,,
,,,,
,,,,
"	¦ Свертка констант, арифметические тождества ¦",,,,
	¦ и излишние операции загрузки/сохранения    ¦,,,,
,.LBB0_6:,.LBB0_6:,.LBB0_6:,
	i3 = 1 + 2;,"	movl	$3, i3","	movl	$3, i3(%rip)","	movl	$3, i3(%rip)",Свёртка констант на всех уровнях
	flt_1 = 2.4 + 6.3;,"	movsd	.LCPI0_2(%rip), %xmm0           # xmm0 = [8.6999999999999993E+0,0.0E+0]","	movabsq	$4621087282649523814, %rax      # imm = 0x4021666666666666","	movabsq	$4621087282649523814, %rax      # imm = 0x4021666666666666",
	i2 = 5;,"	movsd	%xmm0, flt_1","	movq	%rax, flt_1(%rip)","	movq	%rax, flt_1(%rip)",
	j2 = i + 0;,"	movl	$5, i2","	movl	$5, i2(%rip)","	movl	$5, i2(%rip)","O2, Os: здесь присвоение в i2"
	k2 = i / 1;,"	movl	i, %eax","	movl	i(%rip), %eax","	movl	i(%rip), %eax",
	i4 = i * 1;,"	addl	$0, %eax","	movl	%eax, j2(%rip)","	movl	%eax, j2(%rip)",
	i5 = i * 0;,"	movl	%eax, j2","	movl	%eax, k2(%rip)","	movl	%eax, k2(%rip)",
,"	movl	i, %eax","	movl	%eax, i4(%rip)","	movl	%eax, i4(%rip)",
,"	movl	$1, %ecx","	movl	$0, i5(%rip)","	movl	$0, i5(%rip)",
,	cltd,,,
,	idivl	%ecx,,,
,"	movl	%eax, k2",,,
,"	movl	i, %eax",,,
,"	shll	$0, %eax",,,
,"	movl	%eax, i4",,,
,"	imull	$0, i, %eax",,,
,"	movl	%eax, i5",,,
" printf(""This compiler handles divide-by-zero as an error\n"");","	movabsq	$.L.str.1, %rdi","	movl	$.Lstr, %edi","	movl	$.Lstr, %edi",
	flt_3 = 2.4 / 1.0;,"	movb	$0, %al",	callq	puts@PLT,	callq	puts@PLT,
	flt_4 = 1.0 + 0.0000001;,	callq	printf,"	movabsq	$4612586738352862003, %rax      # imm = 0x4003333333333333","	movabsq	$4612586738352862003, %rax      # imm = 0x4003333333333333","O2, Os используют константы"
	flt_5 = flt_6 * 0.0;,"	movsd	.LCPI0_1(%rip), %xmm0           # xmm0 = [2.3999999999999999E+0,0.0E+0]","	movq	%rax, flt_3(%rip)","	movq	%rax, flt_3(%rip)",и .rodata  для 
	flt_6 = flt_2 * flt_3;,"	movsd	%xmm0, flt_3","	movabsq	$4607182419250377371, %rax      # imm = 0x3FF000001AD7F29B","	movabsq	$4607182419250377371, %rax      # imm = 0x3FF000001AD7F29B",вещественных чисел 
,"	movsd	.LCPI0_0(%rip), %xmm0           # xmm0 = [1.0000001000000001E+0,0.0E+0]","	xorpd	%xmm0, %xmm0","	movq	%rax, flt_4(%rip)",
,"	movsd	%xmm0, flt_4","	mulsd	flt_6(%rip), %xmm0","	xorpd	%xmm0, %xmm0",
,"	xorps	%xmm0, %xmm0","	movsd	%xmm0, flt_5(%rip)","	mulsd	flt_6(%rip), %xmm0",
,"	mulsd	flt_6, %xmm0","	movsd	flt_2(%rip), %xmm0              # xmm0 = mem[0],zero","	movsd	%xmm0, flt_5(%rip)",
,"	movsd	%xmm0, flt_5","	mulsd	.LCPI0_0(%rip), %xmm0","	movsd	flt_2(%rip), %xmm0              # xmm0 = mem[0],zero",
,"	movsd	flt_2, %xmm0                    # xmm0 = mem[0],zero","	movq	%rax, flt_4(%rip)","	mulsd	.LCPI0_0(%rip), %xmm0",
,"	mulsd	flt_3, %xmm0","	movsd	%xmm0, flt_6(%rip)","	movsd	%xmm0, flt_6(%rip)",
,"	movsd	%xmm0, flt_6",,,
,,,,
	¦  Лишнее присваивание ¦,,,,
,,,,
	k3 = 1;,"	movl	$1, k3","	movl	$1, k3(%rip)","	movl	$1, k3(%rip)","O2, Os убрали лишнее присваивание"
	k3 = 1;,"	movl	$1, k3",,,
,,,,
,,,,
,,,,
,,,,
       ¦  Снижение мощности операции ¦,,,,
,,,,
	k2 = 4 * j5;,"	movl	j5, %eax","	movl	j5(%rip), %eax","	movl	j5(%rip), %eax",
	for (i = 0; i <= 5; i++),"	shll	$2, %eax","	shll	$2, %eax","	shll	$2, %eax",Замена умножения сдвигом
    ivector4[i] = i * 2;,"	movl	%eax, k2","	movl	%eax, k2(%rip)","	movl	%eax, k2(%rip)",O2: запись нескольких элементов
,"	movl	$0, i","	movabsq	$1688867040264192, %rax         # imm = 0x6000400020000","	xorl	%eax, %eax",массива через константы
,.LBB0_7:                                # =>This Inner Loop Header: Depth=1,"	movq	%rax, ivector4(%rip)",.LBB0_7:                                # =>This Inner Loop Header: Depth=1,
,"	cmpl	$5, i","	movl	$655368, ivector4+8(%rip)       # imm = 0xA0008","	movw	%ax, ivector4(%rax)",Os оставляет цикл
,	jg	.LBB0_10,,"	addq	$2, %rax",Используется один регистр для 
,# %bb.8:                                #   in Loop: Header=BB0_7 Depth=1,,"	cmpq	$12, %rax",значения и сдвига
,"	movl	i, %eax",,	jne	.LBB0_7,
,	shll	%eax,,,
,"	movw	%ax, %cx",,,
,"	movslq	i, %rax",,,
,"	movw	%cx, ivector4(,%rax,2)",,,
,# %bb.9:                                #   in Loop: Header=BB0_7 Depth=1,,,
,"	movl	i, %eax",,,
,"	addl	$1, %eax",,,
,"	movl	%eax, i",,,
,	jmp	.LBB0_7,,,
,,,,
,,,,
	¦  Простой цикл ¦,,,,
,.LBB0_10:,,# %bb.8:,
	j5 = 0;,"	movl	$0, j5","	movl	$10000, j5(%rip)                # imm = 0x2710","	movl	$10000, j5(%rip)                # imm = 0x2710","O2, Os убрали цикл"
	k5 = 10000;,"	movl	$10000, k5                      # imm = 0x2710","	movl	$0, i5(%rip)","	movl	$0, i5(%rip)",вместо него обновили
	do {,.LBB0_11:                               # =>This Inner Loop Header: Depth=1,,,значения переменных
    k5 = k5 - 1;,"	movl	k5, %eax",,,
    j5 = j5 + 1;,"	subl	$1, %eax",,,"O2, Os: обновляет значение i5"
    i5 = (k5 * 3) / (j5 * constant5);,"	movl	%eax, k5",,,
	} while (k5 > 0);,"	movl	j5, %eax",,,
,"	addl	$1, %eax",,,
,"	movl	%eax, j5",,,
,"	imull	$3, k5, %eax",,,
,"	imull	$5, j5, %ecx",,,
,	cltd,,,
,	idivl	%ecx,,,
,"	movl	%eax, i5",,,
,# %bb.12:                               #   in Loop: Header=BB0_11 Depth=1,,,
,"	cmpl	$0, k5",,,
,	jg	.LBB0_11,,,
,,,,
,,,,
,,,,
	¦  Управление переменной индукции цикла  ¦,,,,
,# %bb.13:,,,
	for (i = 0; i < 100; i++),"	movl	$0, i","	movq	$-768, %rax                     # imm = 0xFD00","	movq	$-800, %rax                     # imm = 0xFCE0","O2, Os замена цикла со счётчиком"
    ivector5[i * 2 + 3] = 5;,.LBB0_14:                               # =>This Inner Loop Header: Depth=1,	.p2align	4,.LBB0_9:                                # =>This Inner Loop Header: Depth=1,на цикл с адресной арифметикой
,"	cmpl	$100, i",.LBB0_7:                                # =>This Inner Loop Header: Depth=1,"	movl	$5, ivector5+812(%rax)",
,	jge	.LBB0_17,"	movl	$5, ivector5+780(%rax)","	addq	$8, %rax",O2 частично раскрыл цикл в 8 раз
,# %bb.15:                               #   in Loop: Header=BB0_14 Depth=1,"	movl	$5, ivector5+788(%rax)",	jne	.LBB0_9,12 итераций + 4 вне цикла
,"	movl	i, %eax","	movl	$5, ivector5+796(%rax)",# %bb.10:,
,	shll	%eax,"	movl	$5, ivector5+804(%rax)","	movl	$100, i(%rip)",Os сохранил 100 итераций
,"	addl	$3, %eax","	movl	$5, ivector5+812(%rax)",,
,	cltq,"	movl	$5, ivector5+820(%rax)",,
,"	movl	$5, ivector5(,%rax,4)","	movl	$5, ivector5+828(%rax)",,
,# %bb.16:                               #   in Loop: Header=BB0_14 Depth=1,"	movl	$5, ivector5+836(%rax)",,
,"	movl	i, %eax","	addq	$64, %rax",,
,"	addl	$1, %eax",	jne	.LBB0_7,,
,"	movl	%eax, i",# %bb.8:,,
,	jmp	.LBB0_14,"	movl	$5, ivector5+780(%rip)",,
,,"	movl	$5, ivector5+788(%rip)",,
,,"	movl	$5, ivector5+796(%rip)",,
,,"	movl	$5, ivector5+804(%rip)",,"O2, Os: после цикла обновляет "
,,"	movl	$100, i(%rip)",,Переменную индукции цикла
,,,,
,,,,
,,,,
,,,,
	¦  Глубокие подвыражения  ¦,,,,
,.LBB0_17:,,,
	if (i < 10),"	cmpl	$10, i","	movl	$5, k5(%rip)","	movl	$5, k5(%rip)","O2, Os удалили лишнюю ветку"
    j5 = i5 + i2;,	jge	.LBB0_19,,,"O2, Os: сразу присваивает константу"
	else,# %bb.18:,,,"так как знает значения i5, i2"
    k5 = i5 + i2;,"	movl	i5, %eax",,,
,"	addl	i2, %eax",,,
,"	movl	%eax, j5",,,
,	jmp	.LBB0_20,,,
,.LBB0_19:,,,
,"	movl	i5, %eax",,,
,"	addl	i2, %eax",,,
,"	movl	%eax, k5",,,
,,,,
,,,,
"	¦  Проверка того, как компилятор генерирует адрес  ¦",,,,
"	¦  переменной с константным индексом, размножает   ¦",,,,
	¦  копии и регистры                                ¦,,,,
,,,,
,,,,
,.LBB0_20:,,,
	ivector[0] = 1;  /* генерация константного адреса */,"	movl	$1, ivector","	movl	$1, ivector(%rip)","	movl	$1, ivector(%rip)","O2, Os для константного"
"	printf(""%d"", ivector[0]);","	movl	ivector, %esi","	movl	$.L.str, %edi","	movl	$.L.str, %edi",и для переменного
	ivector[i2] = 2; /* значение i2 должно быть скопировано*/,"	movabsq	$.L.str, %rdi","	movl	$1, %esi","	movl	$1, %esi",адреса использует короткую запись
"	printf(""%d"", ivector[i2]);","	movb	$0, %al","	xorl	%eax, %eax","	xorl	%eax, %eax",так как знает значение i2
	ivector[i2] = 2; /* копирование регистров */,	callq	printf,	callq	printf,	callq	printf,
"	printf(""%d"", ivector[i2]);","	movslq	i2, %rax","	movl	$.L.str, %edi","	movl	$.L.str, %edi",
	ivector[2] = 3;  /* генарация константного адреса */,"	movl	$2, ivector(,%rax,4)","	movl	$2, %esi","	movl	$2, %esi",
"	printf(""%d"", ivector[2]);","	movslq	i2, %rax","	xorl	%eax, %eax","	xorl	%eax, %eax",
,"	movl	ivector(,%rax,4), %esi",	callq	printf,	callq	printf,
,"	movabsq	$.L.str, %rdi","	movl	$2, ivector+20(%rip)","	movl	$2, ivector+20(%rip)","O2, Os: убрал лишние присваивание"
,"	movb	$0, %al","	movl	$.L.str, %edi","	movl	$.L.str, %edi",ivector[i2] = 2;
,	callq	printf,"	movl	$2, %esi","	movl	$2, %esi",
,"	movslq	i2, %rax","	xorl	%eax, %eax","	xorl	%eax, %eax",
,"	movl	$2, ivector(,%rax,4)",	callq	printf,	callq	printf,
,"	movslq	i2, %rax","	movl	$3, ivector+8(%rip)","	movl	$3, ivector+8(%rip)",
,"	movl	ivector(,%rax,4), %esi","	movl	$.L.str, %edi","	movl	$.L.str, %edi",
,"	movabsq	$.L.str, %rdi","	movl	$3, %esi","	movl	$3, %esi",
,"	movb	$0, %al","	xorl	%eax, %eax","	xorl	%eax, %eax",
,	callq	printf,	callq	printf,	callq	printf,
,"	movl	$3, ivector+8",,,
,"	movl	ivector+8, %esi",,,
,"	movabsq	$.L.str, %rdi",,,
,"	movb	$0, %al",,,
,	callq	printf,,,
,,,,
,,,,
	¦  Удаление общих подвыражений  ¦,,,,
,,,,
	if ((h3 + k3) < 0 || (h3 + k3) > 5),"	movl	h3, %eax","	movl	h3(%rip), %ebx","	movl	h3(%rip), %ebx","O2, Os используют беззнаковое"
"    printf(""Common subexpression elimination\n"");","	addl	k3, %eax","	leal	1(%rbx), %eax","	leal	1(%rbx), %eax",сравнение
	else {,"	cmpl	$0, %eax","	cmpl	$5, %eax","	cmpl	$6, %eax",Одно сравнение вместо двух
    m3 = (h3 + k3) / i3;,	jl	.LBB0_22,	jbe	.LBB0_9,	jb	.LBB0_12,не читает значеиние k3
"    printf(""%d"", m3);",# %bb.21:,# %bb.16:,# %bb.11:,подставляет константу
    g3 = i3 + (h3 + k3);,"	movl	h3, %eax","	movl	$.Lstr.4, %edi","	movl	$.Lstr.4, %edi",
"    printf(""%d"", g3);","	addl	k3, %eax",	callq	puts@PLT,	callq	puts@PLT,
	},"	cmpl	$5, %eax",	jmp	.LBB0_10,	jmp	.LBB0_13,
,	jle	.LBB0_23,.LBB0_9:,.LBB0_12:,
,.LBB0_22:,"	movl	%eax, %eax","	movl	%eax, %eax",
,"	movabsq	$.L.str.2, %rdi","	movl	$2863311531, %esi               # imm = 0xAAAAAAAB","	movl	$2863311531, %esi               # imm = 0xAAAAAAAB",
,"	movb	$0, %al","	imulq	%rax, %rsi","	imulq	%rax, %rsi","O2, Os: деление на 3"
,	callq	printf,"	shrq	$33, %rsi","	shrq	$33, %rsi",через умножение
,	jmp	.LBB0_24,"	movl	%esi, m3(%rip)","	movl	%esi, m3(%rip)",и сдвиг
,.LBB0_23:,"	movl	$.L.str, %edi","	movl	$.L.str, %edi",
,"	movl	h3, %eax",                                        # kill: def $esi killed $esi killed $rsi,                                        # kill: def $esi killed $esi killed $rsi,
,"	addl	k3, %eax","	xorl	%eax, %eax","	xorl	%eax, %eax",
,	cltd,	callq	printf,	callq	printf,
,	idivl	i3,"	addl	$4, %ebx","	addl	$4, %ebx","O2, Os переиспользуют результат "
,"	movl	%eax, m3","	movl	%ebx, g3(%rip)","	movl	%ebx, g3(%rip)",(h3 + k3)
,"	movl	m3, %esi","	movl	$.L.str, %edi","	movl	$.L.str, %edi",
,"	movabsq	$.L.str, %rdi","	movl	%ebx, %esi","	movl	%ebx, %esi",
,"	movb	$0, %al","	xorl	%eax, %eax","	xorl	%eax, %eax",
,	callq	printf,	callq	printf,	callq	printf,
,"	movl	i3, %eax",,,
,"	movl	h3, %ecx",,,
,"	addl	k3, %ecx",,,
,"	addl	%ecx, %eax",,,
,"	movl	%eax, g3",,,
,"	movl	g3, %esi",,,
,"	movabsq	$.L.str, %rdi",,,
,"	movb	$0, %al",,,
,	callq	printf,,,
,,,,
,,,,
,,,,
	¦  Вынесение инвариантного кода          ¦,,,,
	¦  (j * k) может быть вынесено из цикла  ¦,,,,
,,,,
,.LBB0_24:,.LBB0_10:,.LBB0_13:,
for (i4 = 0; i4 <= max_vector; i4++){,"	movl	$0, i4","	movl	k(%rip), %eax","	movl	k(%rip), %eax","O2, Os: выносится j * k за цикл"
    ivector2[i4] = j * k;,.LBB0_25:                               # =>This Inner Loop Header: Depth=1,"	imull	j(%rip), %eax","	imull	j(%rip), %eax",
"    printf(""%d"", ivector2[i4]);","	cmpl	$2, i4","	movzbl	%al, %ebx","	movzbl	%al, %ebx",
},	jg	.LBB0_28,"	xorl	%r14d, %r14d","	xorl	%r14d, %r14d",
,# %bb.26:                               #   in Loop: Header=BB0_25 Depth=1,	.p2align	4,.LBB0_14:                               # =>This Inner Loop Header: Depth=1,
,"	movl	j, %eax",.LBB0_11:                               # =>This Inner Loop Header: Depth=1,"	movb	%bl, ivector2(%r14)",O2: раскрывает цикл с проверками
,"	imull	k, %eax","	movb	%bl, ivector2(%r14)","	movl	$.L.str, %edi",между итерациями
,"	movb	%al, %cl","	movl	$.L.str, %edi","	movl	%ebx, %esi",
,"	movslq	i4, %rax","	movl	%ebx, %esi","	xorl	%eax, %eax",Os: не раскрывает цикл
,"	movb	%cl, ivector2(,%rax)","	xorl	%eax, %eax",	callq	printf,
,"	movslq	i4, %rax",	callq	printf,	incq	%r14,
,"	movzbl	ivector2(,%rax), %esi","	leaq	1(%r14), %r15","	movl	%r14d, i4(%rip)",
,"	movabsq	$.L.str, %rdi","	movl	%r15d, i4(%rip)","	leal	-1(%r14), %eax",
,"	movb	$0, %al","	cmpl	$2, %r14d","	cmpl	$2, %eax",
,	callq	printf,	jge	.LBB0_15,	jb	.LBB0_14,
,# %bb.27:                               #   in Loop: Header=BB0_25 Depth=1,# %bb.12:                               #   in Loop: Header=BB0_11 Depth=1,,
,"	movl	i4, %eax","	movb	%bl, ivector2+1(%r14)",,
,"	addl	$1, %eax","	movl	$.L.str, %edi",,
,"	movl	%eax, i4","	movl	%ebx, %esi",,
,	jmp	.LBB0_25,"	xorl	%eax, %eax",,
,,	callq	printf,,
,,"	leal	2(%r14), %eax",,
,,"	movl	%eax, i4(%rip)",,
,,"	cmpl	$1, %r15d",,
,,	jg	.LBB0_15,,
,,# %bb.13:                               #   in Loop: Header=BB0_11 Depth=1,,
,,"	movb	%bl, ivector2+2(%r14)",,
,,"	movl	$.L.str, %edi",,
,,"	movl	%ebx, %esi",,
,,"	xorl	%eax, %eax",,
,,	callq	printf,,
,,"	leal	3(%r14), %eax",,
,,"	movl	%eax, i4(%rip)",,
,,"	cmpl	$2147483646, %r14d              # imm = 0x7FFFFFFE",,
,,	jb	.LBB0_15,,
,,# %bb.14:                               #   in Loop: Header=BB0_11 Depth=1,,O2: образуется мёртвый код
,,"	movb	%bl, ivector2+3(%r14)",,Компилятор сгенерировал
,,"	movl	$.L.str, %edi",,Недостижимый блок
,,"	movl	%ebx, %esi",,
,,"	xorl	%eax, %eax",,
,,	callq	printf,,
,,"	addq	$4, %r14",,
,,"	movl	%r14d, i4(%rip)",,
,,"	movl	%r14d, %eax",,
,,"	addl	$-4, %eax",,
,,	js	.LBB0_11,,
,,,,
,,,,
,,,,
	¦  Вызов функции с аргументами  ¦,,,,
,.LBB0_28:,,,
"	dead_code(1, ""This line should not be printed"");","	movl	$1, %edi",Не вызывается,Не вызывается,
,"	movabsq	$.L.str.3, %rsi",,,
,	callq	dead_code,,,
,,,,
,,,,
,,,,
,,,,
,,,,
	¦  Вызов функции без аргументов  ¦,,,,
,,,# %bb.15:,
	unnecessary_loop();,	callq	unnecessary_loop,Инлайн,	callq	unnecessary_loop,
,,,,
	//------------------------------------------------------,,,,
,,,,
	loop_jamming(7);,"	movl	$7, %edi",Инлайн,"	movl	$7, %edi",
,	callq	loop_jamming,,	callq	loop_jamming,
,,,,
 loop_unrolling(7);,"	movl	$7, %edi",Инлайн,	callq	loop_unrolling,Не передаёт аргумент
,	callq	loop_unrolling,,,так как он не используется
,,,,
,,,,
,,,,
" jump_compression(1, 2, 3, 4, 5);","	movl	$1, %edi",Не вызывается,"	movl	$1, %edi",
,"	movl	$2, %esi",,"	movl	$2, %esi",
,"	movl	$3, %edx",,"	movl	$3, %edx",
,"	movl	$4, %ecx",,"	movl	$4, %ecx",
,"	movl	$5, %r8d",,"	movl	$5, %r8d",
,	callq	jump_compression,,	callq	jump_compression,
,,,,
,,,,
	¦  Функция: dead_code                                    ¦,,,,
	¦           Проверка недостижимого кода и лишних         ¦,,,,
	¦           присваиваний. Не должен генерироваться код.  ¦,,,,
,,,,
,,,,
"void dead_code(int a, char *b)",	.globl	dead_code                       # -- Begin function dead_code,	.globl	dead_code                       # -- Begin function dead_code,	.globl	dead_code                       # -- Begin function dead_code,"O2, Os пустое тело функции"
 ,	.p2align	4,	.p2align	4,"	.type	dead_code,@function",Удалён мёртвый код
{,"	.type	dead_code,@function","	.type	dead_code,@function",dead_code:                              # ,
    int idead_store;,dead_code:                              # ,dead_code:                              # ,	.cfi_startproc,
,	.cfi_startproc,	.cfi_startproc,# %bb.0:,
    idead_store = a;,# %bb.0:,# %bb.0:,	retq,
    if (0),	pushq	%rbp,	retq,.Lfunc_end1:,
"        printf(""%s\n"", b);",	.cfi_def_cfa_offset 16,.Lfunc_end1:,"	.size	dead_code, .Lfunc_end1-dead_code",
}	/* Конец dead_code */,"	.cfi_offset %rbp, -16","	.size	dead_code, .Lfunc_end1-dead_code",	.cfi_endproc,
,"	movq	%rsp, %rbp",	.cfi_endproc,                                        # -- End function,
,	.cfi_def_cfa_register %rbp,                                        # -- End function,,
,"	movl	%edi, -4(%rbp)",,,
,"	movq	%rsi, -16(%rbp)",,,
,"	movl	-4(%rbp), %eax",,,
,"	movl	%eax, -20(%rbp)",,,
,	popq	%rbp,,,
,"	.cfi_def_cfa %rsp, 8",,,
,	retq,,,
,.Lfunc_end1:,,,
,"	.size	dead_code, .Lfunc_end1-dead_code",,,
,	.cfi_endproc,,,
,                                        # -- End function,,,
,,,,
,,,,
,,,,
	¦  Функция: unnecessary_loop                           ¦,,,,
"	¦           Цикл в следующей функции ненужен, так как  ¦",,,,
	¦           значение присваивания постоянно. В идеале  ¦,,,,
	¦           цикл должен быть удален.                   ¦,,,,
,,,,
,,,,
,,.LBB0_15:,,
void unnecessary_loop(),	.globl	unnecessary_loop                # -- Begin function unnecessary_loop,"	movl	$.L.str, %edi",	.globl	unnecessary_loop                # -- Begin function unnecessary_loop,"O2, Os цикл не генерируется"
{,	.p2align	4,"	movl	$10000, %esi                    # imm = 0x2710","	.type	unnecessary_loop,@function",
    int x;,"	.type	unnecessary_loop,@function","	xorl	%eax, %eax",unnecessary_loop:                       # ,
,unnecessary_loop:                       # ,	callq	printf,	.cfi_startproc,
    x = 0;,	.cfi_startproc,,# %bb.0:,
    for (i = 0; i < 5; i++)  /* Цикл не должен,# %bb.0:,,"	movl	j5(%rip), %esi",
							 генерироваться*/,	pushq	%rbp,,"	movl	%esi, k5(%rip)",
        k5 = x + j5;,	.cfi_def_cfa_offset 16,,"	movl	$5, i(%rip)",
"    printf(""%d"", k5);","	.cfi_offset %rbp, -16",,"	movl	$.L.str, %edi",
}	/* Конец unnecessary_loop */,"	movq	%rsp, %rbp",,"	xorl	%eax, %eax",
,	.cfi_def_cfa_register %rbp,,	jmp	printf                          # TAILCALL,Os: Используется jmp вместо call
,"	subq	$16, %rsp",,.Lfunc_end2:,При ret переходит сразу в main
,"	movl	$0, -4(%rbp)",,"	.size	unnecessary_loop, .Lfunc_end2-unnecessary_loop",
,"	movl	$0, i",,	.cfi_endproc,
,.LBB2_1:                                # =>This Inner Loop Header: Depth=1,,                                        # -- End function,
,"	cmpl	$5, i",,,
,	jge	.LBB2_4,,,
,# %bb.2:                                #   in Loop: Header=BB2_1 Depth=1,,,
,"	movl	-4(%rbp), %eax",,,
,"	addl	j5, %eax",,,
,"	movl	%eax, k5",,,
,# %bb.3:                                #   in Loop: Header=BB2_1 Depth=1,,,
,"	movl	i, %eax",,,
,"	addl	$1, %eax",,,
,"	movl	%eax, i",,,
,	jmp	.LBB2_1,,,
,.LBB2_4:,,,
,"	movl	k5, %esi",,,
,"	movabsq	$.L.str, %rdi",,,
,"	movb	$0, %al",,,
,	callq	printf,,,
,"	addq	$16, %rsp",,,
,	popq	%rbp,,,
,"	.cfi_def_cfa %rsp, 8",,,
,	retq,,,
,.Lfunc_end2:,,,
,"	.size	unnecessary_loop, .Lfunc_end2-unnecessary_loop",,,
,	.cfi_endproc,,,
,                                        # -- End function,,,
,,,,
,,,,
,,,,
	¦  Функция: loop_jamming                               ¦,,,,
	¦           Два цикла в этой функции имеют одинаковые  ¦,,,,
	¦           заголовки и могут быть слиты в один.       ¦,,,,
,,,,
,,,,
,,,,
void loop_jamming(int x),	.globl	loop_jamming                    # -- Begin function loop_jamming,"	movl	$0, i(%rip)",	.globl	loop_jamming                    # -- Begin function loop_jamming,"O2, Os: не объединяют циклы"
{,	.p2align	4,"	movl	$7, k5(%rip)","	.type	loop_jamming,@function",так как используется переменная
    for (i = 0; i < 5; i++) {,"	.type	loop_jamming,@function","	movl	$.L.str, %edi",loop_jamming:                           # ,полученная из первого цикла
        k5 = x + j5 * i;,loop_jamming:                           # ,"	movl	$7, %esi",	.cfi_startproc,
,	.cfi_startproc,"	xorl	%eax, %eax",# %bb.0:,O2: полностью развернул два цикла
"        printf(""%d"", k5);",# %bb.0:,	callq	printf,	pushq	%rbp,
    },	pushq	%rbp,"	movl	$10007, k5(%rip)                # imm = 0x2717",	.cfi_def_cfa_offset 16,Os: не раскрывает цикл
    for (i = 0; i < 5; i++) {,	.cfi_def_cfa_offset 16,"	movl	$.L.str, %edi",	pushq	%r15,
        i5 = x * k5 * i;,"	.cfi_offset %rbp, -16","	movl	$10007, %esi                    # imm = 0x2717",	.cfi_def_cfa_offset 24,
"        printf(""%d"", k5);","	movq	%rsp, %rbp","	xorl	%eax, %eax",	pushq	%r14,
    },	.cfi_def_cfa_register %rbp,	callq	printf,	.cfi_def_cfa_offset 32,
}	/* Конец loop_jamming */,"	subq	$16, %rsp","	movl	$20007, k5(%rip)                # imm = 0x4E27",	pushq	%r12,
,"	movl	%edi, -4(%rbp)","	movl	$.L.str, %edi",	.cfi_def_cfa_offset 40,
,"	movl	$0, i","	movl	$20007, %esi                    # imm = 0x4E27",	pushq	%rbx,
,.LBB3_1:                                # =>This Inner Loop Header: Depth=1,"	xorl	%eax, %eax",	.cfi_def_cfa_offset 48,
,"	cmpl	$5, i",	callq	printf,"	.cfi_offset %rbx, -48",
,	jge	.LBB3_4,"	movl	$30007, k5(%rip)                # imm = 0x7537","	.cfi_offset %r12, -40",
,# %bb.2:                                #   in Loop: Header=BB3_1 Depth=1,"	movl	$.L.str, %edi","	.cfi_offset %r14, -32",
,"	movl	-4(%rbp), %eax","	movl	$30007, %esi                    # imm = 0x7537","	.cfi_offset %r15, -24",
,"	movl	j5, %ecx","	xorl	%eax, %eax","	.cfi_offset %rbp, -16",
,"	imull	i, %ecx",	callq	printf,"	movl	%edi, %ebx",
,"	addl	%ecx, %eax","	movl	$40007, k5(%rip)                # imm = 0x9C47","	movl	j5(%rip), %r14d",
,"	movl	%eax, k5","	movl	$.L.str, %edi","	movl	%edi, %ebp",
,"	movl	k5, %esi","	movl	$40007, %esi                    # imm = 0x9C47","	subl	%r14d, %ebp",
,"	movabsq	$.L.str, %rdi","	xorl	%eax, %eax","	imull	%edi, %ebp",
,"	movb	$0, %al",	callq	printf,"	movl	%r14d, %r15d",
,	callq	printf,"	movl	$0, i(%rip)","	imull	%edi, %r15d",
,# %bb.3:                                #   in Loop: Header=BB3_1 Depth=1,"	movl	$0, i5(%rip)","	movl	$-1, %r12d",
,"	movl	i, %eax","	movl	$.L.str, %edi",.LBB3_1:                                # =>This Inner Loop Header: Depth=1,
,"	addl	$1, %eax","	movl	$40007, %esi                    # imm = 0x9C47","	addl	%r15d, %ebp",
,"	movl	%eax, i","	xorl	%eax, %eax","	movl	%ebx, k5(%rip)",
,	jmp	.LBB3_1,	callq	printf,"	movl	$.L.str, %edi",
,.LBB3_4:,"	movl	$280049, i5(%rip)               # imm = 0x445F1","	movl	%ebx, %esi",
,"	movl	$0, i","	movl	$.L.str, %edi","	xorl	%eax, %eax",
,.LBB3_5:                                # =>This Inner Loop Header: Depth=1,"	movl	$40007, %esi                    # imm = 0x9C47",	callq	printf,
,"	cmpl	$5, i","	xorl	%eax, %eax",	incl	%r12d,
,	jge	.LBB3_8,	callq	printf,"	addl	%r14d, %ebx",
,# %bb.6:                                #   in Loop: Header=BB3_5 Depth=1,"	movl	$560098, i5(%rip)               # imm = 0x88BE2","	cmpl	$4, %r12d",
,"	movl	-4(%rbp), %eax","	movl	$.L.str, %edi",	jb	.LBB3_1,
,"	imull	k5, %eax","	movl	$40007, %esi                    # imm = 0x9C47",# %bb.2:,
,"	imull	i, %eax","	xorl	%eax, %eax","	subl	%r14d, %ebx",
,"	movl	%eax, i5",	callq	printf,"	xorl	%r14d, %r14d",
,"	movl	k5, %esi","	movl	$840147, i5(%rip)               # imm = 0xCD1D3",.LBB3_3:                                # =>This Inner Loop Header: Depth=1,
,"	movabsq	$.L.str, %rdi","	movl	$.L.str, %edi","	movl	%ebp, %eax",
,"	movb	$0, %al","	movl	$40007, %esi                    # imm = 0x9C47","	imull	%r14d, %eax",
,	callq	printf,"	xorl	%eax, %eax","	movl	%eax, i5(%rip)",
,# %bb.7:                                #   in Loop: Header=BB3_5 Depth=1,	callq	printf,"	movl	$.L.str, %edi",
,"	movl	i, %eax","	movl	$1120196, i5(%rip)              # imm = 0x1117C4","	movl	%ebx, %esi",
,"	addl	$1, %eax","	movl	$.L.str, %edi","	xorl	%eax, %eax",
,"	movl	%eax, i","	movl	$40007, %esi                    # imm = 0x9C47",	callq	printf,
,	jmp	.LBB3_5,"	xorl	%eax, %eax","	cmpl	$4, %r14d",
,.LBB3_8:,	callq	printf,"	leal	1(%r14), %eax",
,"	addq	$16, %rsp",,"	movl	%eax, i(%rip)",
,	popq	%rbp,,"	movl	%eax, %r14d",
,"	.cfi_def_cfa %rsp, 8",,	jb	.LBB3_3,
,	retq,,# %bb.4:,
,.Lfunc_end3:,,	popq	%rbx,
,"	.size	loop_jamming, .Lfunc_end3-loop_jamming",,	.cfi_def_cfa_offset 40,
,	.cfi_endproc,,	popq	%r12,
,                                        # -- End function,,	.cfi_def_cfa_offset 32,
,,,	popq	%r14,
,,,	.cfi_def_cfa_offset 24,
,,,	popq	%r15,
,,,	.cfi_def_cfa_offset 16,
,,,	popq	%rbp,
,,,	.cfi_def_cfa_offset 8,
,,,	retq,
,,,.Lfunc_end3:,
,,,"	.size	loop_jamming, .Lfunc_end3-loop_jamming",
,,,	.cfi_endproc,
,,,                                        # -- End function,
,,,,
,,,,
,,,,
	¦  Функция: loop_unrolling                               ¦,,,,
	¦           Цикл в этой функции должен быть заменен      ¦,,,,
	¦           тремя присваиваниями с использованием        ¦,,,,
	¦           константной индексации массива или машинно-  ¦,,,,
	¦           зависимыми командами для инициализации       ¦,,,,
	¦           блока памяти.                                ¦,,,,
,,,,
void loop_unrolling(int x),,,,
{,,,,
    for (i = 0; i < 6; i++) {,	.globl	loop_unrolling                  # -- Begin function loop_unrolling,"	movl	$.L.str, %edi",	.globl	loop_unrolling                  # -- Begin function loop_unrolling,O2: полностью развернул цикл
        ivector4[i] = 0;,	.p2align	4,"	xorl	%esi, %esi","	.type	loop_unrolling,@function",
"        printf(""%d"", ivector4[i]);","	.type	loop_unrolling,@function","	xorl	%eax, %eax",loop_unrolling:                         # ,Os: не раскрывает цикл
    },loop_unrolling:                         # ,	callq	printf,	.cfi_startproc,
}  /* Конец loop_unrolling */,	.cfi_startproc,"	movl	$1, i(%rip)",# %bb.0:,
,# %bb.0:,"	movl	$.L.str, %edi",	pushq	%rbx,
,	pushq	%rbp,"	xorl	%esi, %esi",	.cfi_def_cfa_offset 16,
,	.cfi_def_cfa_offset 16,"	xorl	%eax, %eax","	.cfi_offset %rbx, -16",
,"	.cfi_offset %rbp, -16",	callq	printf,"	xorl	%ebx, %ebx",
,"	movq	%rsp, %rbp","	movl	$2, i(%rip)",.LBB4_1:                                # =>This Inner Loop Header: Depth=1,
,	.cfi_def_cfa_register %rbp,"	movl	$.L.str, %edi","	movw	$0, ivector4(%rbx,%rbx)",
,"	subq	$16, %rsp","	xorl	%esi, %esi","	movl	$.L.str, %edi",
,"	movl	%edi, -4(%rbp)","	xorl	%eax, %eax","	xorl	%esi, %esi",
,"	movl	$0, i",	callq	printf,"	xorl	%eax, %eax",
,.LBB4_1:                                # =>This Inner Loop Header: Depth=1,"	movl	$3, i(%rip)",	callq	printf,
,"	cmpl	$6, i","	movq	$0, ivector4(%rip)",	incq	%rbx,
,	jge	.LBB4_4,"	movl	$.L.str, %edi","	movl	%ebx, i(%rip)",
,# %bb.2:                                #   in Loop: Header=BB4_1 Depth=1,"	xorl	%esi, %esi","	leal	-1(%rbx), %eax",
,"	movslq	i, %rax","	xorl	%eax, %eax","	cmpl	$5, %eax",
,"	movw	$0, ivector4(,%rax,2)",	callq	printf,	jb	.LBB4_1,
,"	movslq	i, %rax","	movl	$4, i(%rip)",# %bb.2:,
,"	movswl	ivector4(,%rax,2), %esi","	movw	$0, ivector4+8(%rip)",	popq	%rbx,
,"	movabsq	$.L.str, %rdi","	movl	$.L.str, %edi",	.cfi_def_cfa_offset 8,
,"	movb	$0, %al","	xorl	%esi, %esi",	retq,
,	callq	printf,"	xorl	%eax, %eax",.Lfunc_end4:,
,# %bb.3:                                #   in Loop: Header=BB4_1 Depth=1,	callq	printf,"	.size	loop_unrolling, .Lfunc_end4-loop_unrolling",
,"	movl	i, %eax","	movl	$5, i(%rip)",	.cfi_endproc,
,"	addl	$1, %eax","	movw	$0, ivector4+10(%rip)",                                        # -- End function,
,"	movl	%eax, i","	movl	$.L.str, %edi",,
,	jmp	.LBB4_1,"	xorl	%esi, %esi",,
,.LBB4_4:,"	xorl	%eax, %eax",,
,"	addq	$16, %rsp",	callq	printf,,
,	popq	%rbp,"	movl	$6, i(%rip)",,
,"	.cfi_def_cfa %rsp, 8","	xorl	%eax, %eax",,
,	retq,,,
,.Lfunc_end4:,,,
,"	.size	loop_unrolling, .Lfunc_end4-loop_unrolling",,,
,	.cfi_endproc,,,
,                                        # -- End function,,,
,,,,
,,,,
   ¦  Функция: jump_compression                            ¦,,,,
   ¦           Эта программа полезна для демонстрации      ¦,,,,
   ¦           сжатия цепочки переходов. goto end_1 может  ¦,,,,
   ¦           быть заменен на прямой переход на beg_1.    ¦,,,,
,,,,
,,,,
,,,,
"int jump_compression(int i, int j, int k, int l, int m)",,,,
{,,,,
beg_1:,	.globl	jump_compression                # -- Begin function jump_compression,	.globl	jump_compression                # -- Begin function jump_compression,	.globl	jump_compression                # -- Begin function jump_compression,
    if (i < j),	.p2align	4,	.p2align	4,"	.type	jump_compression,@function",
        if (j < k),"	.type	jump_compression,@function","	.type	jump_compression,@function",jump_compression:                       # ,"O2, Os выполнен прямой переход"
            if (k < l),jump_compression:                       # ,jump_compression:                       # ,	.cfi_startproc,
                if (l < m),	.cfi_startproc,	.cfi_startproc,# %bb.0:,Используются регистры вместо 
                    l += m;,# %bb.0:,# %bb.0:,	pushq	%rbp,стека для переменных
                else,	pushq	%rbp,	pushq	%rbp,	.cfi_def_cfa_offset 16,
                    goto end_1;,	.cfi_def_cfa_offset 16,	.cfi_def_cfa_offset 16,	pushq	%r15,
            else,"	.cfi_offset %rbp, -16",	pushq	%r15,	.cfi_def_cfa_offset 24,
                k += l;,"	movq	%rsp, %rbp",	.cfi_def_cfa_offset 24,	pushq	%r14,
        else {,	.cfi_def_cfa_register %rbp,	pushq	%r14,	.cfi_def_cfa_offset 32,
            j += k;,"	subq	$32, %rsp",	.cfi_def_cfa_offset 32,	pushq	%r12,
"            printf(""%d"", j);","	movl	%edi, -4(%rbp)",	pushq	%r12,	.cfi_def_cfa_offset 40,
        end_1:,"	movl	%esi, -8(%rbp)",	.cfi_def_cfa_offset 40,	pushq	%rbx,
            goto beg_1;,"	movl	%edx, -12(%rbp)",	pushq	%rbx,	.cfi_def_cfa_offset 48,
        },"	movl	%ecx, -16(%rbp)",	.cfi_def_cfa_offset 48,"	.cfi_offset %rbx, -48",
    else,"	movl	%r8d, -20(%rbp)","	.cfi_offset %rbx, -48","	.cfi_offset %r12, -40",
        I += j;,.LBB5_1:                                # =>This Inner Loop Header: Depth=1,"	.cfi_offset %r12, -40","	.cfi_offset %r14, -32",
    return(i + j + k + l + m);,"	movl	-4(%rbp), %eax","	.cfi_offset %r14, -32","	.cfi_offset %r15, -24",
}	/* Конец jump_compression */,"	cmpl	-8(%rbp), %eax","	.cfi_offset %r15, -24","	.cfi_offset %rbp, -16",
,	jge	.LBB5_13,"	.cfi_offset %rbp, -16","	movl	%r8d, %ebp",
,# %bb.2:                                #   in Loop: Header=BB5_1 Depth=1,"	movl	%r8d, %ebp","	movl	%ecx, %ebx",
,"	movl	-8(%rbp), %eax","	movl	%ecx, %ebx","	movl	%edx, %r15d",
,"	cmpl	-12(%rbp), %eax","	movl	%edx, %r15d","	movl	%esi, %r14d",
,	jge	.LBB5_10,"	movl	%esi, %r14d","	movl	%edi, %r12d",
,# %bb.3:                                #   in Loop: Header=BB5_1 Depth=1,"	movl	%edi, %r12d","	cmpl	%esi, %edi",
,"	movl	-12(%rbp), %eax","	cmpl	%esi, %edi",	jge	.LBB5_8,
,"	cmpl	-16(%rbp), %eax",	jl	.LBB5_1,.LBB5_1:                                # =>This Inner Loop Header: Depth=1,
,	jge	.LBB5_8,.LBB5_8:,"	cmpl	%r15d, %r14d",
,# %bb.4:                                #   in Loop: Header=BB5_1 Depth=1,"	addl	%r14d, %r12d",	jge	.LBB5_6,
,"	movl	-16(%rbp), %eax",.LBB5_9:,# %bb.2:                                #   in Loop: Header=BB5_1 Depth=1,
,"	cmpl	-20(%rbp), %eax","	addl	%r15d, %r14d","	cmpl	%ebx, %r15d",
,	jge	.LBB5_6,"	addl	%r12d, %r14d",	jge	.LBB5_5,
,# %bb.5:,"	addl	%ebp, %ebx",# %bb.3:                                #   in Loop: Header=BB5_1 Depth=1,
,"	movl	-20(%rbp), %eax","	addl	%r14d, %ebx","	cmpl	%ebp, %ebx",
,"	addl	-16(%rbp), %eax","	movl	%ebx, %eax",	jl	.LBB5_4,
,"	movl	%eax, -16(%rbp)",	popq	%rbx,	jmp	.LBB5_7,
,	jmp	.LBB5_7,	.cfi_def_cfa_offset 40,.LBB5_6:                                #   in Loop: Header=BB5_1 Depth=1,
,.LBB5_6:                                #   in Loop: Header=BB5_1 Depth=1,	popq	%r12,"	addl	%r15d, %r14d",
,	jmp	.LBB5_11,	.cfi_def_cfa_offset 32,"	movl	$.L.str, %edi",
,.LBB5_7:,	popq	%r14,"	movl	%r14d, %esi",
,	jmp	.LBB5_9,	.cfi_def_cfa_offset 24,"	xorl	%eax, %eax",
,.LBB5_8:,	popq	%r15,	callq	printf,
,"	movl	-16(%rbp), %eax",	.cfi_def_cfa_offset 16,.LBB5_7:                                #   in Loop: Header=BB5_1 Depth=1,
,"	addl	-12(%rbp), %eax",	popq	%rbp,"	cmpl	%r14d, %r12d",
,"	movl	%eax, -12(%rbp)",	.cfi_def_cfa_offset 8,	jl	.LBB5_1,
,.LBB5_9:,	retq,.LBB5_8:,
,	jmp	.LBB5_12,	.p2align	4,"	addl	%r14d, %r12d",
,.LBB5_10:                               #   in Loop: Header=BB5_1 Depth=1,.LBB5_6:                                #   in Loop: Header=BB5_1 Depth=1,.LBB5_9:,
,"	movl	-12(%rbp), %eax",	.cfi_def_cfa_offset 48,"	addl	%r15d, %r14d",
,"	addl	-8(%rbp), %eax","	addl	%r15d, %r14d","	addl	%r12d, %r14d",
,"	movl	%eax, -8(%rbp)","	movl	$.L.str, %edi","	addl	%ebp, %ebx",
,"	movl	-8(%rbp), %esi","	movl	%r14d, %esi","	addl	%r14d, %ebx",
,"	movabsq	$.L.str, %rdi","	xorl	%eax, %eax","	movl	%ebx, %eax",
,"	movb	$0, %al",	callq	printf,	popq	%rbx,
,	callq	printf,.LBB5_7:                                #   in Loop: Header=BB5_1 Depth=1,	.cfi_def_cfa_offset 40,
,.LBB5_11:                               #   in Loop: Header=BB5_1 Depth=1,"	cmpl	%r14d, %r12d",	popq	%r12,
,	jmp	.LBB5_1,	jge	.LBB5_8,	.cfi_def_cfa_offset 32,
,.LBB5_12:,.LBB5_1:                                # =>This Inner Loop Header: Depth=1,	popq	%r14,
,	jmp	.LBB5_14,"	cmpl	%r15d, %r14d",	.cfi_def_cfa_offset 24,
,.LBB5_13:,	jge	.LBB5_6,	popq	%r15,
,"	movl	-8(%rbp), %eax",# %bb.2:                                #   in Loop: Header=BB5_1 Depth=1,	.cfi_def_cfa_offset 16,
,"	addl	-4(%rbp), %eax","	cmpl	%ebx, %r15d",	popq	%rbp,
,"	movl	%eax, -4(%rbp)",	jge	.LBB5_5,	.cfi_def_cfa_offset 8,
,.LBB5_14:,# %bb.3:                                #   in Loop: Header=BB5_1 Depth=1,	retq,
,"	movl	-4(%rbp), %eax","	cmpl	%ebp, %ebx",.LBB5_5:,
,"	addl	-8(%rbp), %eax",	jge	.LBB5_7,	.cfi_def_cfa_offset 48,
,"	addl	-12(%rbp), %eax",# %bb.4:,"	addl	%ebx, %r15d",
,"	addl	-16(%rbp), %eax","	addl	%ebp, %ebx",	jmp	.LBB5_9,
,"	addl	-20(%rbp), %eax",	jmp	.LBB5_9,.LBB5_4:,
,"	addq	$32, %rsp",.LBB5_5:,"	addl	%ebp, %ebx",
,	popq	%rbp,"	addl	%ebx, %r15d",	jmp	.LBB5_9,
,"	.cfi_def_cfa %rsp, 8",	jmp	.LBB5_9,.Lfunc_end5:,
,	retq,.Lfunc_end5:,"	.size	jump_compression, .Lfunc_end5-jump_compression",
,.Lfunc_end5:,"	.size	jump_compression, .Lfunc_end5-jump_compression",	.cfi_endproc,
,"	.size	jump_compression, .Lfunc_end5-jump_compression",	.cfi_endproc,                                        # -- End function,
,	.cfi_endproc,                                        # -- End function,,
,                                        # -- End function,,,
