Исходный код,GCC -O2,Clang -O2,Intel -O2,Комментарии
,,,,
,,,,
	¦ Размножение констант и копий ¦,,,,
,,,,
,,,,
j4 = 2;," movl $2, %edx","	movl	$2, j4(%rip)","	movl	$.L.str, %edi",Все компиляторы подставляют константы
"printf(""%d"", j4);","	movl	$2, %edi","	leaq	.L.str(%rip), %rdi","	movl	$2, %esi",Вместо явного чтения из памяти
,	pushq	%rbx,"	movl	$2, %esi","	xorl	%eax, %eax",
,"	leaq	.LC0(%rip), %rbx","	xorl	%eax, %eax",	callq	printf,Intel: в j4 не присваивает значение
,"	movq	%rbx, %rsi",	callq	printf@PLT,,так как дальше оно изменится
,"	subq	$8, %rsp",,,
,"	movl	$2, j4(%rip)",,,
,	call	__printf_chk@PLT,,,
,,,,
,,,,
	if (i2 < j4 && i4 < j4) {," movl j4(%rip), %eax","	movl	j4(%rip), %eax","	movl	i2(%rip), %r14d",
    i2 = 2;,"	cmpl	%eax, i2(%rip)","	cmpl	%eax, i2(%rip)","	movl	i4(%rip), %ebp",
"    printf(""%d"", i2);",	jge	.L27,	jge	.LBB0_3,"	cmpl	$1, %r14d",Intel: меньше читает из памяти
	},"	cmpl	i4(%rip), %eax",# %bb.1:,	jg	.LBB0_3,за счёт подставления
, jg .L37,"	cmpl	%eax, i4(%rip)",# %bb.1:,констант
,.L37:,	jge	.LBB0_3,"	cmpl	$1, %ebp",
,"	movl	$2, %edx",# %bb.2:,	jg	.LBB0_3,
,"	movq	%rbx, %rsi","	movl	$2, i2(%rip)",# %bb.2:,
,"	movl	$2, %edi","	leaq	.L.str(%rip), %rdi","	movl	$2, %r14d",Intel: держит в регистре i2 для сравнения
,"	xorl	%eax, %eax","	movl	$2, %esi","	movl	$.L.str, %edi",
,"	movl	$2, i2(%rip)","	xorl	%eax, %eax","	movl	$2, %esi",
,	call	__printf_chk@PLT,	callq	printf@PLT,"	xorl	%eax, %eax",
,	jmp	.L27,,	callq	printf,
,,,,
,,,,
,.L27:,.LBB0_3:,.LBB0_3:,
	j4 = k5;,"	movl	k5(%rip), %edx","	movl	k5(%rip), %esi","	movl	k5(%rip), %ebx",
"printf(""%d"", j4);","	xorl	%eax, %eax","	movl	%esi, j4(%rip)","	movl	%ebx, j4(%rip)",
,"	movq	%rbx, %rsi","	leaq	.L.str(%rip), %rdi","	movl	$.L.str, %edi",
,"	movl	$2, %edi","	xorl	%eax, %eax","	movl	%ebx, %esi",
,"	movl	%edx, j4(%rip)",	callq	printf@PLT,"	xorl	%eax, %eax",
,	call	__printf_chk@PLT,,	callq	printf,
,,,,
,,,,
	if (i2 < j4 && i4 < j4) {,"	movl	j4(%rip), %eax","	movl	j4(%rip), %eax","	cmpl	%ebx, %r14d",
    i5 = 3;,"	cmpl	%eax, i2(%rip)","	cmpl	%eax, i2(%rip)",	jge	.LBB0_6,
"    printf(""%d"", i5);",	jge	.L28,	jge	.LBB0_6,# %bb.4:,
	},"	cmpl	i4(%rip), %eax",# %bb.4:,"	cmpl	%ebx, %ebp",
,	jg	.L38,"	cmpl	%eax, i4(%rip)",	jge	.LBB0_6,
,.L38:,	jge	.LBB0_6,# %bb.5:,
,"	movl	$3, %edx",# %bb.5:,"	movl	$.L.str, %edi",
,"	movq	%rbx, %rsi","	movl	$3, i5(%rip)","	movl	$3, %esi",
,"	movl	$2, %edi","	leaq	.L.str(%rip), %rdi","	xorl	%eax, %eax",
,"	xorl	%eax, %eax","	movl	$3, %esi",	callq	printf,
,"	movl	$3, i5(%rip)","	xorl	%eax, %eax",,
,	call	__printf_chk@PLT,	callq	printf@PLT,,
,	jmp	.L28,,,
,,,,
,,,,
,,,,
,,,,
"	¦ Свертка констант, арифметические тождества ¦",,,,
	¦ и излишние операции загрузки/сохранения    ¦,,,,
,.L28:,.LBB0_6:,.LBB0_6:,
	i3 = 1 + 2;,"	movq	.LC1(%rip), %rax","	movl	$3, i3(%rip)","	movl	$3, i3(%rip)",Все компиляторы 
	flt_1 = 2.4 + 6.3;,"	leaq	.LC2(%rip), %rdi","	movabsq	$4621087282649523814, %rax      # imm = 0x4021666666666666","	movabsq	$4621087282649523814, %rax      # imm = 0x4021666666666666",сворачивают константы
	i2 = 5;,"	movl	$3, i3(%rip)","	movq	%rax, flt_1(%rip)","	movq	%rax, flt_1(%rip)",и убирают излишние операции загрузки
	j2 = i + 0;,"	movl	$5, i2(%rip)","	movl	$5, i2(%rip)","	movl	$5, i2(%rip)",
	k2 = i / 1;,"	movq	%rax, flt_1(%rip)","	movl	i(%rip), %eax","	movl	i(%rip), %eax",
	i4 = i * 1;,"	movl	i(%rip), %eax","	movl	%eax, j2(%rip)","	movl	%eax, j2(%rip)",
	i5 = i * 0;,"	movl	$0, i5(%rip)","	movl	%eax, k2(%rip)","	movl	%eax, k2(%rip)",
,"	movl	%eax, j2(%rip)","	movl	%eax, i4(%rip)","	movl	%eax, i4(%rip)",
,"	movl	%eax, k2(%rip)","	movl	$0, i5(%rip)","	movl	$0, i5(%rip)",
,"	movl	%eax, i4(%rip)",,,
,,,,
,,,,
,,,,
,,,,
" printf(""This compiler handles divide-by-zero as an error\n"");",	call	puts@PLT,,"	movl	$.Lstr, %edi",
	flt_3 = 2.4 / 1.0;,"	movq	.LC4(%rip), %rax","	leaq	.Lstr(%rip), %rdi",	callq	puts@PLT,gcc: Использует .rodata
	flt_4 = 1.0 + 0.0000001;,"	pxor	%xmm1, %xmm1",	callq	puts@PLT,"	movabsq	$4612586738352862003, %rax      # imm = 0x4003333333333333","Clang, Intel: используют константы"
	flt_5 = flt_6 * 0.0;,"	movsd	.LC3(%rip), %xmm0","	movabsq	$4612586738352862003, %rax      # imm = 0x4003333333333333","	movq	%rax, flt_3(%rip)",и .rodata  для 
	flt_6 = flt_2 * flt_3;,"	mulsd	flt_6(%rip), %xmm1","	movq	%rax, flt_3(%rip)","	movabsq	$4607182419250377371, %rax      # imm = 0x3FF000001AD7F29B",вещественных чисел 
,"	movq	%rax, flt_4(%rip)","	movabsq	$4607182419250377371, %rax      # imm = 0x3FF000001AD7F29B","	xorpd	%xmm0, %xmm0",
,"	movsd	%xmm0, flt_3(%rip)","	movq	%rax, flt_4(%rip)","	mulsd	flt_6(%rip), %xmm0",
,"	mulsd	flt_2(%rip), %xmm0","	xorpd	%xmm0, %xmm0","	movsd	%xmm0, flt_5(%rip)",
,"	movsd	%xmm1, flt_5(%rip)","	mulsd	flt_6(%rip), %xmm0","	movsd	flt_2(%rip), %xmm0              # xmm0 = mem[0],zero",
,"	movsd	%xmm0, flt_6(%rip)","	movsd	%xmm0, flt_5(%rip)","	mulsd	.LCPI0_0(%rip), %xmm0",
,,"	movsd	flt_2(%rip), %xmm0              # xmm0 = mem[0],zero","	movq	%rax, flt_4(%rip)",
,,"	mulsd	.LCPI0_0(%rip), %xmm0","	movsd	%xmm0, flt_6(%rip)",В данном случае лучше константы
,,"	movsd	%xmm0, flt_6(%rip)",,так как занимают меньше памяти
,,,,
	¦  Лишнее присваивание ¦,,,,
,,,,
	k3 = 1;," movl $1, k3(%rip)","	movl	$1, k3(%rip)","	movl	$1, k3(%rip)",Все компиляторы
	k3 = 1;,,,,убрали лишнее присваивание
,,,,
,,,,
,,,,
,,,,
       ¦  Снижение мощности операции ¦,,,,
,,,,
	k2 = 4 * j5;,"	movl	j5(%rip), %eax","	movl	j5(%rip), %eax","	movl	j5(%rip), %eax",Все компиляторы
	for (i = 0; i <= 5; i++)," movl $655368, 8+ivector4(%rip)","	shll	$2, %eax","	shll	$2, %eax",заменили умножение сдвигом
    ivector4[i] = i * 2;,"	sall	$2, %eax","	movl	%eax, k2(%rip)","	movl	%eax, k2(%rip)",и удалили цикл
,"	movl	%eax, k2(%rip)","	movabsq	$1688867040264192, %rax         # imm = 0x6000400020000","	movabsq	$1688867040264192, %rax         # imm = 0x6000400020000",запись элементов массива
,"	movq	.LC6(%rip), %rax","	movq	%rax, ivector4(%rip)","	movq	%rax, ivector4(%rip)",gcc:через константу и .rodata
,"	movq	%rax, ivector4(%rip)","	movl	$655368, ivector4+8(%rip)       # imm = 0xA0008","	movl	$655368, ivector4+8(%rip)       # imm = 0xA0008","Clang, Intel: через константу"
,,,,
,,,,"Clang, Intel: лучше"
,,,,так как меньше памяти занимает
,,,,
,,,,
,,,,
	¦  Простой цикл ¦,,,,
,,,,
	j5 = 0;,"	movl	$10000, j5(%rip)","	movl	$10000, j5(%rip)                # imm = 0x2710","	movl	$10000, j5(%rip)                # imm = 0x2710",
	k5 = 10000;,"	movl	$0, i5(%rip)","	movl	$0, i5(%rip)","	movl	$0, i5(%rip)",
	do {,,,,Все компиляторы
    k5 = k5 - 1;,,,,убрали цикл
    j5 = j5 + 1;,,,,И обновили
    i5 = (k5 * 3) / (j5 * constant5);,,,,значения переменных
	} while (k5 > 0);,,,,
,,,,
,,,,
,,,,
	¦  Управление переменной индукции цикла  ¦,,,,
,,,,
	for (i = 0; i < 100; i++),"	leaq	12+ivector5(%rip), %rax","	xorl	%eax, %eax","	movq	$-768, %rax                     # imm = 0xFD00",
    ivector5[i * 2 + 3] = 5;,"	leaq	800(%rax), %rdx","	leaq	ivector5(%rip), %rcx",	.p2align	4,
,.L29:,"	.p2align	4, 0x90",.LBB0_7:                                # =>This Inner Loop Header: Depth=1,Все компиляторы
,"	movl	$5, (%rax)",.LBB0_7:                                # =>This Inner Loop Header: Depth=1,"	movl	$5, ivector5+780(%rax)",заменили цикл со счётчиком
,"	addq	$16, %rax","	movl	$5, 12(%rcx,%rax,8)","	movl	$5, ivector5+788(%rax)",на цикл с адресной арифметикой
,"	movl	$5, -8(%rax)","	movl	$5, 20(%rcx,%rax,8)","	movl	$5, ivector5+796(%rax)",И частично раскрыли цикл
,"	cmpq	%rax, %rdx","	movl	$5, 28(%rcx,%rax,8)","	movl	$5, ivector5+804(%rax)",
,	jne	.L29,"	movl	$5, 36(%rcx,%rax,8)","	movl	$5, ivector5+812(%rax)",
,,"	addq	$4, %rax","	movl	$5, ivector5+820(%rax)",gcc: 50 итераций
,"	movl	$100, i(%rip)","	cmpq	$100, %rax","	movl	$5, ivector5+828(%rax)",clang: 25 итераций
,,	jne	.LBB0_7,"	movl	$5, ivector5+836(%rax)",intel: 12 итераций + 4 вне цикла
,,# %bb.8:,"	addq	$64, %rax",
,,"	movl	$100, i(%rip)",	jne	.LBB0_7,
,,,# %bb.8:,intel: может быть быстрее
,,,"	movl	$5, ivector5+780(%rip)",так как сильнее
,,,"	movl	$5, ivector5+788(%rip)",развернул цикл
,,,"	movl	$5, ivector5+796(%rip)",
,,,"	movl	$5, ivector5+804(%rip)",
,,,"	movl	$100, i(%rip)",
,,,,
,,,,
,,,,
,,,,
	¦  Глубокие подвыражения  ¦,,,,
,,,,
	if (i < 10),"	movl	i2(%rip), %eax","	movl	i2(%rip), %eax","	movl	$5, k5(%rip)",
    j5 = i5 + i2;,"	movl	%eax, k5(%rip)","	movl	%eax, k5(%rip)",,
	else,,,,Все компиляторы
    k5 = i5 + i2;,,,,удалили лишнюю ветку
,,,,
,,,,Intel: не обращается к памяти
,,,,"так как знает знначения i2, i5"
,,,,
,,,,
"	¦  Проверка того, как компилятор генерирует адрес  ¦",,,,
"	¦  переменной с константным индексом, размножает   ¦",,,,
	¦  копии и регистры                                ¦,,,,
,,,,
,,,,
,,,,
 ivector[0] = 1;  /* генерация константного адреса */,"	movl	$1, %edx","	movl	$1, ivector(%rip)","	movl	$1, ivector(%rip)",
"	printf(""%d"", ivector[0]);","	movq	%rbx, %rsi","	leaq	ivector(%rip), %r14","	movl	$.L.str, %edi",
	ivector[i2] = 2; /* значение i2 должно быть скопировано*/,"	movl	$2, %edi","	leaq	.L.str(%rip), %rbx","	movl	$1, %esi","gcc, clang: для константного"
"	printf(""%d"", ivector[i2]);","	leaq	ivector(%rip), %rbp","	movq	%rbx, %rdi","	xorl	%eax, %eax",адреса использует короткую запись
	ivector[i2] = 2; /* копирование регистров */,"	xorl	%eax, %eax","	movl	$1, %esi",	callq	printf,
"	printf(""%d"", ivector[i2]);"," movl $1, ivector(%rip)","	xorl	%eax, %eax","	movl	$.L.str, %edi",Intel: для константного
	ivector[2] = 3;  /* генарация константного адреса */,	call	__printf_chk@PLT,	callq	printf@PLT,"	movl	$2, %esi",и для переменного
"	printf(""%d"", ivector[2]);","	movslq	i2(%rip), %rax","	movslq	i2(%rip), %rax","	xorl	%eax, %eax",адреса использует короткую запись
,"	movl	$2, %edx","	movl	$2, (%r14,%rax,4)",	callq	printf,так как знает значение i2
,"	movq	%rbx, %rsi","	movq	%rbx, %rdi","	movl	$2, ivector+20(%rip)",
,"	movl	$2, %edi","	movl	$2, %esi","	movl	$.L.str, %edi",
,"	movl	$2, 0(%rbp,%rax,4)","	xorl	%eax, %eax","	movl	$2, %esi",Intel: убрал лишние присваивание
,"	xorl	%eax, %eax",	callq	printf@PLT,"	xorl	%eax, %eax",ivector[i2] = 2;
,	call	__printf_chk@PLT,"	movslq	i2(%rip), %rax",	callq	printf,
,"	movslq	i2(%rip), %rax","	movl	$2, (%r14,%rax,4)","	movl	$3, ivector+8(%rip)",
,"	movl	$2, %edx","	movq	%rbx, %rdi","	movl	$.L.str, %edi",
,"	movq	%rbx, %rsi","	movl	$2, %esi","	movl	$3, %esi",
,"	movl	$2, %edi","	xorl	%eax, %eax","	xorl	%eax, %eax",
,"	movl	$2, 0(%rbp,%rax,4)",	callq	printf@PLT,	callq	printf,
,"	xorl	%eax, %eax","	movl	$3, ivector+8(%rip)",,
,	call	__printf_chk@PLT,"	movq	%rbx, %rdi",,
,"	movl	$3, %edx","	movl	$3, %esi",,
,"	movq	%rbx, %rsi","	xorl	%eax, %eax",,
,"	xorl	%eax, %eax",	callq	printf@PLT,,
,"	movl	$3, 8+ivector(%rip)",,,
,"	movl	$2, %edi",,,
,	call	__printf_chk@PLT,,,
,,,,
,,,,
,,,,
,,,,
,,,,
	¦  Удаление общих подвыражений  ¦,,,,
,,,,
	if ((h3 + k3) < 0 || (h3 + k3) > 5),"	movl	k3(%rip), %eax","	movl	k3(%rip), %eax","	movl	h3(%rip), %ebx",
"    printf(""Common subexpression elimination\n"");","	addl	h3(%rip), %eax","	addl	h3(%rip), %eax","	leal	1(%rbx), %eax",Все компиляторы
	else {,"	cmpl	$5, %eax","	cmpl	$6, %eax","	cmpl	$5, %eax",используют беззнаковое
    m3 = (h3 + k3) / i3;,	jbe	.L30,	jb	.LBB0_10,	jbe	.LBB0_9,сравнение
"    printf(""%d"", m3);",,# %bb.9:,# %bb.16:,Одно сравнение вместо двух
    g3 = i3 + (h3 + k3);,.L30:,"	leaq	.Lstr.4(%rip), %rdi","	movl	$.Lstr.4, %edi",
"    printf(""%d"", g3);",	cltd,	callq	puts@PLT,	callq	puts@PLT,
	},"	movq	%rbx, %rsi",	jmp	.LBB0_11,	jmp	.LBB0_10,Intel: не читает значеиние k3
,"	movl	$2, %edi",.LBB0_10:,.LBB0_9:,подставляет константу
,	idivl	i3(%rip),	cltd,"	movl	%eax, %eax",
,"	movl	%eax, %edx",	idivl	i3(%rip),"	movl	$2863311531, %esi               # imm = 0xAAAAAAAB",
,"	movl	%eax, m3(%rip)","	movl	%eax, m3(%rip)","	imulq	%rax, %rsi",
,"	xorl	%eax, %eax","	leaq	.L.str(%rip), %rbx","	shrq	$33, %rsi",
,	call	__printf_chk@PLT,"	movq	%rbx, %rdi","	movl	%esi, m3(%rip)",Intel: деление на 3
,"	movl	k3(%rip), %edx","	movl	%eax, %esi","	movl	$.L.str, %edi",через умножение
,"	movq	%rbx, %rsi","	xorl	%eax, %eax",                                        # kill: def $esi killed $esi killed $rsi,и сдвиг
,"	xorl	%eax, %eax",	callq	printf@PLT,"	xorl	%eax, %eax",может быть быстрее
,"	addl	h3(%rip), %edx","	movl	h3(%rip), %esi",	callq	printf,обычного деления
,"	movl	$2, %edi","	addl	i3(%rip), %esi","	addl	$4, %ebx",но занимает
,"	addl	i3(%rip), %edx","	addl	k3(%rip), %esi","	movl	%ebx, g3(%rip)",больше памяти
,"	movl	%edx, g3(%rip)","	movl	%esi, g3(%rip)","	movl	$.L.str, %edi",
,	call	__printf_chk@PLT,"	movq	%rbx, %rdi","	movl	%ebx, %esi",
,	jmp	.L31,"	xorl	%eax, %eax","	xorl	%eax, %eax",Intel: считает (h3 + k3)
,,	callq	printf@PLT,	callq	printf,один раз
,"	leaq	.LC8(%rip), %rdi",,,далее использует константу
,	call	puts@PLT,,,
,,,,
,,,,
	¦  Вынесение инвариантного кода          ¦,,,,
	¦  (j * k) может быть вынесено из цикла  ¦,,,,
,,,,
,.L31:,.LBB0_11:,.LBB0_10:,
for (i4 = 0; i4 <= max_vector; i4++){,"	movl	$0, i4(%rip)","	movl	$0, i4(%rip)","	movl	k(%rip), %eax",
    ivector2[i4] = j * k;,"	xorl	%ecx, %ecx","	leaq	ivector2(%rip), %r14","	imull	j(%rip), %eax",
"    printf(""%d"", ivector2[i4]);","	leaq	ivector2(%rip), %rbp","	leaq	.L.str(%rip), %rbx","	movzbl	%al, %ebx",Intel: выносит j * k за цикл
},.L32:,"	xorl	%eax, %eax","	xorl	%r14d, %r14d",
,"	movzbl	j(%rip), %eax","	.p2align	4, 0x90",	.p2align	4,
,"	movslq	%ecx, %rcx",.LBB0_12:                               # =>This Inner Loop Header: Depth=1,.LBB0_11:                               # =>This Inner Loop Header: Depth=1,
,"	movq	%rbx, %rsi","	movl	k(%rip), %ecx","	movb	%bl, ivector2(%r14)",
,"	movl	$2, %edi","	imull	j(%rip), %ecx","	movl	$.L.str, %edi",Intel: раскрывает цикл с проверками
,	mulb	k(%rip),	cltq,"	movl	%ebx, %esi",между итерациями
,"	movb	%al, 0(%rbp,%rcx)","	movb	%cl, (%rax,%r14)","	xorl	%eax, %eax",
,"	movzbl	%al, %edx","	movzbl	%cl, %esi",	callq	printf,
,"	xorl	%eax, %eax","	movq	%rbx, %rdi","	leaq	1(%r14), %r15",
,	call	__printf_chk@PLT,"	xorl	%eax, %eax","	movl	%r15d, i4(%rip)",
,"	movl	i4(%rip), %eax",	callq	printf@PLT,"	cmpl	$2, %r14d",
,"	leal	1(%rax), %ecx","	movl	i4(%rip), %ecx",	jge	.LBB0_15,
,"	movl	%ecx, i4(%rip)","	leal	1(%rcx), %eax",# %bb.12:                               #   in Loop: Header=BB0_11 Depth=1,
,"	cmpl	$2, %ecx","	movl	%eax, i4(%rip)","	movb	%bl, ivector2+1(%r14)",
,	jle	.L32,"	cmpl	$2, %ecx","	movl	$.L.str, %edi",
,,	jl	.LBB0_12,"	movl	%ebx, %esi",
,,,"	xorl	%eax, %eax",
,,,	callq	printf,
,,,"	leal	2(%r14), %eax",
,,,"	movl	%eax, i4(%rip)",
,,,"	cmpl	$1, %r15d",
,,,	jg	.LBB0_15,
,,,# %bb.13:                               #   in Loop: Header=BB0_11 Depth=1,
,,,"	movb	%bl, ivector2+2(%r14)",
,,,"	movl	$.L.str, %edi",
,,,"	movl	%ebx, %esi",
,,,"	xorl	%eax, %eax",
,,,	callq	printf,
,,,"	leal	3(%r14), %eax",
,,,"	movl	%eax, i4(%rip)",
,,,"	cmpl	$2147483646, %r14d              # imm = 0x7FFFFFFE",
,,,	jb	.LBB0_15,
,,,# %bb.14:                               #   in Loop: Header=BB0_11 Depth=1,
,,,"	movb	%bl, ivector2+3(%r14)",
,,,"	movl	$.L.str, %edi",Intel: образуется мёртвый код
,,,"	movl	%ebx, %esi",Компилятор сгенерировал
,,,"	xorl	%eax, %eax",Недостижимый блок
,,,	callq	printf,
,,,"	addq	$4, %r14",
,,,"	movl	%r14d, i4(%rip)",
,,,"	movl	%r14d, %eax",
,,,"	addl	$-4, %eax",
,,,	js	.LBB0_11,
,,,,
,,,,
,,,,
	¦  Вызов функции с аргументами  ¦,,,,
,,,,
"	dead_code(1, ""This line should not be printed"");",Не вызывается,Не вызывается,Не вызывается,
,,,,
,,,,
,,,,
,,,,
,,,,
,,,,
,,,,
	¦  Вызов функции без аргументов  ¦,,,,
,,,,
	unnecessary_loop();, call unnecessary_loop,Инлайн,Инлайн,
,,,,
	//------------------------------------------------------,,,,
,,,,
	loop_jamming(7);,"	movl	$7, %edi",Инлайн,Инлайн,
,	call	loop_jamming,,,
,,,,
 loop_unrolling(7);,"	movl	$7, %edi",Инлайн,Инлайн,
,	call	loop_unrolling,,,
,,,,
,,,,
,,,,
" jump_compression(1, 2, 3, 4, 5);","	movl	$5, %r8d",Не вызывается,Не вызывается,
,"	movl	$4, %ecx",,,
,"	movl	$3, %edx",,,
,"	movl	$2, %esi",,,
,"	movl	$1, %edi",,,
,	call	jump_compression,,,
,,,,
,,,,
	¦  Функция: dead_code                                    ¦,,,,
	¦           Проверка недостижимого кода и лишних         ¦,,,,
	¦           присваиваний. Не должен генерироваться код.  ¦,,,,
,,,,
,,,,
"void dead_code(int a, char *b)",	.globl	dead_code,	.globl	dead_code                       # -- Begin function dead_code,	.globl	dead_code                       # -- Begin function dead_code,
 ,"	.type	dead_code, @function","	.p2align	4, 0x90",	.p2align	4,
{,dead_code:,"	.type	dead_code,@function","	.type	dead_code,@function",Все компиляторы
    int idead_store;,.LFB38:,dead_code:                              # @dead_code,dead_code:                              # ,пустое тело функции
,	.cfi_startproc,	.cfi_startproc,	.cfi_startproc,Удалён мёртвый код
    idead_store = a;,	endbr64,# %bb.0:,# %bb.0:,
    if (0),	ret,	retq,	retq,
"        printf(""%s\n"", b);",	.cfi_endproc,.Lfunc_end1:,.Lfunc_end1:,
}	/* Конец dead_code */,.LFE38:,"	.size	dead_code, .Lfunc_end1-dead_code","	.size	dead_code, .Lfunc_end1-dead_code",
,"	.size	dead_code, .-dead_code",	.cfi_endproc,	.cfi_endproc,
,,                                        # -- End function,                                        # -- End function,
,,,,
,,,,
,,,,
,,,,
	¦  Функция: unnecessary_loop                           ¦,,,,
"	¦           Цикл в следующей функции ненужен, так как  ¦",,,,
	¦           значение присваивания постоянно. В идеале  ¦,,,,
	¦           цикл должен быть удален.                   ¦,,,,
,,,,
,	.globl	unnecessary_loop,,,
,"	.type	unnecessary_loop, @function",# %bb.13:,.LBB0_15:,
void unnecessary_loop(),unnecessary_loop:,"	movl	j5(%rip), %esi","	movl	$.L.str, %edi",
{,.LFB39:,"	movl	%esi, k5(%rip)","	movl	$10000, %esi                    # imm = 0x2710",Все компиляторы
    int x;,	.cfi_startproc,"	movl	$5, i(%rip)","	xorl	%eax, %eax",цикл не генерируется
,	endbr64,"	leaq	.L.str(%rip), %rbx",	callq	printf,
    x = 0;,"	movl	j5(%rip), %edx","	movq	%rbx, %rdi",,
    for (i = 0; i < 5; i++)  /* Цикл не должен,"	leaq	.LC0(%rip), %rsi","	xorl	%eax, %eax",,
							 генерироваться*/,"	movl	$2, %edi",	callq	printf@PLT,,
        k5 = x + j5;,"	xorl	%eax, %eax",,,
"    printf(""%d"", k5);","	movl	$5, i(%rip)",,,
}	/* Конец unnecessary_loop */,"	movl	%edx, k5(%rip)",,,
,	jmp	__printf_chk@PLT,,,
,	.cfi_endproc,,,
,.LFE39:,,,Gcc: используется jmp вместо call
,"	.size	unnecessary_loop, .-unnecessary_loop",,,При ret переходит сразу в main
,,,,
,,,,
	¦  Функция: loop_jamming                               ¦,,,,
	¦           Два цикла в этой функции имеют одинаковые  ¦,,,,
	¦           заголовки и могут быть слиты в один.       ¦,,,,
,,,,
,	.globl	loop_jamming,,,
,"	.type	loop_jamming, @function",,,
void loop_jamming(int x),loop_jamming:,"	movl	$0, i(%rip)","	movl	$0, i(%rip)",
{,.LFB40:,"	xorl	%esi, %esi","	movl	$7, k5(%rip)",
    for (i = 0; i < 5; i++) {,	.cfi_startproc,"	.p2align	4, 0x90","	movl	$.L.str, %edi",Все компиляторы
        k5 = x + j5 * i;,	endbr64,.LBB0_14:                               # =>This Inner Loop Header: Depth=1,"	movl	$7, %esi",не объединяют циклы
,	pushq	%rbp,"	imull	j5(%rip), %esi","	xorl	%eax, %eax",так как используется переменная
"        printf(""%d"", k5);",	.cfi_def_cfa_offset 16,"	addl	$7, %esi",	callq	printf,полученная из первого цикла
    },"	.cfi_offset 6, -16","	movl	%esi, k5(%rip)","	movl	$10007, k5(%rip)                # imm = 0x2717",
    for (i = 0; i < 5; i++) {,"	xorl	%edx, %edx","	movq	%rbx, %rdi","	movl	$.L.str, %edi",
        i5 = x * k5 * i;,"	leaq	.LC0(%rip), %rbp","	xorl	%eax, %eax","	movl	$10007, %esi                    # imm = 0x2717","gcc, clang цикл не раскрывается"
"        printf(""%d"", k5);",	pushq	%rbx,	callq	printf@PLT,"	xorl	%eax, %eax",
    },	.cfi_def_cfa_offset 24,"	movl	i(%rip), %eax",	callq	printf,Intel: полностью развернул два цикла
}	/* Конец loop_jamming */,"	.cfi_offset 3, -24","	leal	1(%rax), %esi","	movl	$20007, k5(%rip)                # imm = 0x4E27",может быть быстрее
,"	movl	%edi, %ebx","	movl	%esi, i(%rip)","	movl	$.L.str, %edi",
,"	subq	$8, %rsp","	cmpl	$4, %eax","	movl	$20007, %esi                    # imm = 0x4E27",
,	.cfi_def_cfa_offset 32,	jl	.LBB0_14,"	xorl	%eax, %eax",
,"	movl	$0, i(%rip)",# %bb.15:,	callq	printf,
,"	.p2align 4,,10","	movl	$0, i(%rip)","	movl	$30007, k5(%rip)                # imm = 0x7537",
,	.p2align 3,"	leaq	.L.str(%rip), %rbx","	movl	$.L.str, %edi",
,.L5:,"	xorl	%eax, %eax","	movl	$30007, %esi                    # imm = 0x7537",
,"	imull	j5(%rip), %edx","	.p2align	4, 0x90","	xorl	%eax, %eax",
,"	movq	%rbp, %rsi",.LBB0_16:                               # =>This Inner Loop Header: Depth=1,	callq	printf,
,"	movl	$2, %edi","	movl	k5(%rip), %esi","	movl	$40007, k5(%rip)                # imm = 0x9C47",
,"	xorl	%eax, %eax","	imull	%esi, %eax","	movl	$.L.str, %edi",
,"	addl	%ebx, %edx","	leal	(,%rax,8), %ecx","	movl	$40007, %esi                    # imm = 0x9C47",
,"	movl	%edx, k5(%rip)","	subl	%eax, %ecx","	xorl	%eax, %eax",
,	call	__printf_chk@PLT,"	movl	%ecx, i5(%rip)",	callq	printf,
,"	movl	i(%rip), %eax","	movq	%rbx, %rdi","	movl	$0, i(%rip)",
,"	leal	1(%rax), %edx","	xorl	%eax, %eax","	movl	$0, i5(%rip)",
,"	movl	%edx, i(%rip)",	callq	printf@PLT,"	movl	$.L.str, %edi",
,"	cmpl	$4, %edx","	movl	i(%rip), %ecx","	movl	$40007, %esi                    # imm = 0x9C47",
,	jle	.L5,"	leal	1(%rcx), %eax","	xorl	%eax, %eax",
,"	movl	$0, i(%rip)","	movl	%eax, i(%rip)",	callq	printf,
,"	xorl	%eax, %eax","	cmpl	$4, %ecx","	movl	$280049, i5(%rip)               # imm = 0x445F1",
,"	.p2align 4,,10",	jl	.LBB0_16,"	movl	$.L.str, %edi",
,	.p2align 3,,"	movl	$40007, %esi                    # imm = 0x9C47",
,.L6:,,"	xorl	%eax, %eax",
,"	movl	k5(%rip), %ecx",,	callq	printf,
,"	movq	%rbp, %rsi",,"	movl	$560098, i5(%rip)               # imm = 0x88BE2",
,"	movl	$2, %edi",,"	movl	$.L.str, %edi",
,"	movl	%ecx, %edx",,"	movl	$40007, %esi                    # imm = 0x9C47",
,"	imull	%ebx, %edx",,"	xorl	%eax, %eax",
,"	imull	%edx, %eax",,	callq	printf,
,"	movl	%ecx, %edx",,"	movl	$840147, i5(%rip)               # imm = 0xCD1D3",
,"	movl	%eax, i5(%rip)",,"	movl	$.L.str, %edi",
,"	xorl	%eax, %eax",,"	movl	$40007, %esi                    # imm = 0x9C47",
,	call	__printf_chk@PLT,,"	xorl	%eax, %eax",
,"	movl	i(%rip), %eax",,	callq	printf,
,"	addl	$1, %eax",,"	movl	$1120196, i5(%rip)              # imm = 0x1117C4",
,"	movl	%eax, i(%rip)",,"	movl	$.L.str, %edi",
,"	cmpl	$4, %eax",,"	movl	$40007, %esi                    # imm = 0x9C47",
,	jle	.L6,,"	xorl	%eax, %eax",
,"	addq	$8, %rsp",,	callq	printf,
,	.cfi_def_cfa_offset 24,,,
,	popq	%rbx,,,
,	.cfi_def_cfa_offset 16,,,
,	popq	%rbp,,,
,	.cfi_def_cfa_offset 8,,,
,	ret,,,
,	.cfi_endproc,,,
,.LFE40:,,,
,"	.size	loop_jamming, .-loop_jamming",,,
,	.p2align 4,,,
,,,,
,,,,
	¦  Функция: loop_unrolling                               ¦,,,,
	¦           Цикл в этой функции должен быть заменен      ¦,,,,
	¦           тремя присваиваниями с использованием        ¦,,,,
	¦           константной индексации массива или машинно-  ¦,,,,
	¦           зависимыми командами для инициализации       ¦,,,,
	¦           блока памяти.                                ¦,,,,
,,# %bb.17:,,
void loop_unrolling(int x),	.globl	loop_unrolling,"	movl	$0, i(%rip)","	movl	$.L.str, %edi",
{,"	.type	loop_unrolling, @function","	leaq	ivector4(%rip), %r14","	xorl	%esi, %esi",
    for (i = 0; i < 6; i++) {,loop_unrolling:,"	leaq	.L.str(%rip), %rbx","	xorl	%eax, %eax","gcc, clang: цикл не раскрывается"
        ivector4[i] = 0;,.LFB41:,"	xorl	%eax, %eax",	callq	printf,
"        printf(""%d"", ivector4[i]);",	.cfi_startproc,"	.p2align	4, 0x90","	movl	$1, i(%rip)",Intel: полностью развернул цикл
    },	endbr64,.LBB0_18:                               # =>This Inner Loop Header: Depth=1,"	movl	$.L.str, %edi",может быть быстрее
}  /* Конец loop_unrolling */,	pushq	%rbp,	cltq,"	xorl	%esi, %esi",
,	.cfi_def_cfa_offset 16,"	movw	$0, (%r14,%rax,2)","	xorl	%eax, %eax",
,"	.cfi_offset 6, -16","	movq	%rbx, %rdi",	callq	printf,
,"	xorl	%eax, %eax","	xorl	%esi, %esi","	movl	$2, i(%rip)",
,"	leaq	ivector4(%rip), %rbp","	xorl	%eax, %eax","	movl	$.L.str, %edi",
,	pushq	%rbx,	callq	printf@PLT,"	xorl	%esi, %esi",
,	.cfi_def_cfa_offset 24,"	movl	i(%rip), %ecx","	xorl	%eax, %eax",
,"	.cfi_offset 3, -24","	leal	1(%rcx), %eax",	callq	printf,
,"	leaq	.LC0(%rip), %rbx","	movl	%eax, i(%rip)","	movl	$3, i(%rip)",
,"	subq	$8, %rsp","	cmpl	$5, %ecx","	movq	$0, ivector4(%rip)",
,	.cfi_def_cfa_offset 32,	jl	.LBB0_18,"	movl	$.L.str, %edi",
,"	movl	$0, i(%rip)",,"	xorl	%esi, %esi",
,"	.p2align 4,,10",,"	xorl	%eax, %eax",
,	.p2align 3,,	callq	printf,
,.L11:,,"	movl	$4, i(%rip)",
,	cltq,,"	movw	$0, ivector4+8(%rip)",
,"	xorl	%edx, %edx",,"	movl	$.L.str, %edi",
,"	movq	%rbx, %rsi",,"	xorl	%esi, %esi",
,"	movl	$2, %edi",,"	xorl	%eax, %eax",
,"	movw	%dx, 0(%rbp,%rax,2)",,	callq	printf,
,"	xorl	%edx, %edx",,"	movl	$5, i(%rip)",
,"	xorl	%eax, %eax",,"	movw	$0, ivector4+10(%rip)",
,	call	__printf_chk@PLT,,"	movl	$.L.str, %edi",
,"	movl	i(%rip), %eax",                                        # -- End function,"	xorl	%esi, %esi",
,"	addl	$1, %eax",,"	xorl	%eax, %eax",
,"	movl	%eax, i(%rip)",,	callq	printf,
,"	cmpl	$5, %eax",,"	movl	$6, i(%rip)",
,	jle	.L11,,"	xorl	%eax, %eax",
,"	addq	$8, %rsp",,,
,	.cfi_def_cfa_offset 24,,,
,	popq	%rbx,,,
,	.cfi_def_cfa_offset 16,,,
,	popq	%rbp,,,
,	.cfi_def_cfa_offset 8,,,
,	ret,,,
,	.cfi_endproc,,,
,.LFE41:,,,
,"	.size	loop_unrolling, .-loop_unrolling",,,
,	.p2align 4,,,
,,,,
,,,,
   ¦  Функция: jump_compression                            ¦,,,,
   ¦           Эта программа полезна для демонстрации      ¦,,,,
   ¦           сжатия цепочки переходов. goto end_1 может  ¦,,,,
   ¦           быть заменен на прямой переход на beg_1.    ¦,,,,
,,,,
,,,,
,,,,
"int jump_compression(int i, int j, int k, int l, int m)",	.globl	jump_compression,	.globl	jump_compression                # -- Begin function jump_compression,	.globl	jump_compression                # -- Begin function jump_compression,
{,"	.type	jump_compression, @function","	.p2align	4, 0x90",	.p2align	4,
beg_1:,jump_compression:,"	.type	jump_compression,@function","	.type	jump_compression,@function",Все компиляторы
    if (i < j),.LFB42:,jump_compression:                       # @jump_compression,jump_compression:                       # ,выполнили прямой переход
        if (j < k),	.cfi_startproc,	.cfi_startproc,	.cfi_startproc,
            if (k < l),	endbr64,# %bb.0:,# %bb.0:,и используются регистры вместо
                if (l < m),	pushq	%r15,	pushq	%rbp,	pushq	%rbp,стека для переменных
                    l += m;,	.cfi_def_cfa_offset 16,	.cfi_def_cfa_offset 16,	.cfi_def_cfa_offset 16,
                else,"	.cfi_offset 15, -16",	pushq	%r15,	pushq	%r15,
                    goto end_1;,"	leaq	.LC0(%rip), %r15",	.cfi_def_cfa_offset 24,	.cfi_def_cfa_offset 24,
            else,	pushq	%r14,	pushq	%r14,	pushq	%r14,
                k += l;,	.cfi_def_cfa_offset 24,	.cfi_def_cfa_offset 32,	.cfi_def_cfa_offset 32,
        else {,"	.cfi_offset 14, -24",	pushq	%r13,	pushq	%r12,
            j += k;,"	movl	%r8d, %r14d",	.cfi_def_cfa_offset 40,	.cfi_def_cfa_offset 40,
"            printf(""%d"", j);",	pushq	%r13,	pushq	%r12,	pushq	%rbx,
        end_1:,	.cfi_def_cfa_offset 32,	.cfi_def_cfa_offset 48,	.cfi_def_cfa_offset 48,
            goto beg_1;,"	.cfi_offset 13, -32",	pushq	%rbx,"	.cfi_offset %rbx, -48",
        },"	movl	%ecx, %r13d",	.cfi_def_cfa_offset 56,"	.cfi_offset %r12, -40",
    else,	pushq	%r12,	pushq	%rax,"	.cfi_offset %r14, -32",
        I += j;,	.cfi_def_cfa_offset 40,	.cfi_def_cfa_offset 64,"	.cfi_offset %r15, -24",
    return(i + j + k + l + m);,"	.cfi_offset 12, -40","	.cfi_offset %rbx, -56","	.cfi_offset %rbp, -16",
}	/* Конец jump_compression */,"	movl	%edi, %r12d","	.cfi_offset %r12, -48","	movl	%r8d, %ebp",
,	pushq	%rbp,"	.cfi_offset %r13, -40","	movl	%ecx, %ebx",
,	.cfi_def_cfa_offset 48,"	.cfi_offset %r14, -32","	movl	%edx, %r15d",
,"	.cfi_offset 6, -48","	.cfi_offset %r15, -24","	movl	%esi, %r14d",
,"	movl	%edx, %ebp","	.cfi_offset %rbp, -16","	movl	%edi, %r12d",
,	pushq	%rbx,"	movl	%r8d, %ebp","	cmpl	%esi, %edi",
,	.cfi_def_cfa_offset 56,"	movl	%ecx, %r12d",	jl	.LBB5_1,
,"	.cfi_offset 3, -56","	movl	%edx, %r14d",.LBB5_8:,
,"	movl	%esi, %ebx","	movl	%esi, %ebx","	addl	%r14d, %r12d",
,"	subq	$8, %rsp","	movl	%edi, %r15d",.LBB5_9:,
,	.cfi_def_cfa_offset 64,"	cmpl	%edi, %esi","	addl	%r15d, %r14d",
,"	cmpl	%edi, %esi",	jle	.LBB5_9,"	addl	%r12d, %r14d",
,	jg	.L15,# %bb.1:,"	addl	%ebp, %ebx",
,	jmp	.L16,"	leaq	.L.str(%rip), %r13","	addl	%r14d, %ebx",
,"	.p2align 4,,10",	jmp	.LBB5_2,"	movl	%ebx, %eax",
,	.p2align 3,"	.p2align	4, 0x90",	popq	%rbx,
,.L25:,.LBB5_7:                                #   in Loop: Header=BB5_2 Depth=1,	.cfi_def_cfa_offset 40,
,"	cmpl	%r13d, %ebp","	addl	%r14d, %ebx",	popq	%r12,
,	jge	.L18,"	movq	%r13, %rdi",	.cfi_def_cfa_offset 32,
,"	cmpl	%r14d, %r13d","	movl	%ebx, %esi",	popq	%r14,
,	jl	.L24,"	xorl	%eax, %eax",	.cfi_def_cfa_offset 24,
,"	cmpl	%r12d, %ebx",	callq	printf@PLT,	popq	%r15,
,	jle	.L16,.LBB5_8:                                #   in Loop: Header=BB5_2 Depth=1,	.cfi_def_cfa_offset 16,
,.L15:,"	cmpl	%r15d, %ebx",	popq	%rbp,
,"	cmpl	%ebx, %ebp",	jle	.LBB5_9,	.cfi_def_cfa_offset 8,
,	jg	.L25,.LBB5_2:                                # =>This Inner Loop Header: Depth=1,	retq,
,"	addl	%ebp, %ebx","	cmpl	%r14d, %ebx",	.p2align	4,
,"	xorl	%eax, %eax",	jge	.LBB5_7,.LBB5_6:                                #   in Loop: Header=BB5_1 Depth=1,
,"	movq	%r15, %rsi",# %bb.3:                                #   in Loop: Header=BB5_2 Depth=1,	.cfi_def_cfa_offset 48,
,"	movl	$2, %edi","	cmpl	%r12d, %r14d","	addl	%r15d, %r14d",
,"	movl	%ebx, %edx",	jge	.LBB5_6,"	movl	$.L.str, %edi",
,	call	__printf_chk@PLT,# %bb.4:                                #   in Loop: Header=BB5_2 Depth=1,"	movl	%r14d, %esi",
,"	cmpl	%r12d, %ebx","	cmpl	%ebp, %r12d","	xorl	%eax, %eax",
,	jg	.L15,	jge	.LBB5_8,	callq	printf,
,"	.p2align 4,,10",# %bb.5:,.LBB5_7:                                #   in Loop: Header=BB5_1 Depth=1,
,	.p2align 3,"	addl	%ebp, %r12d","	cmpl	%r14d, %r12d",
,.L16:,	jmp	.LBB5_10,	jge	.LBB5_8,
,"	addl	%ebx, %r12d",.LBB5_9:,.LBB5_1:                                # =>This Inner Loop Header: Depth=1,
,.L20:,"	addl	%ebx, %r15d","	cmpl	%r15d, %r14d",
,"	leal	(%r12,%rbx), %eax",.LBB5_10:,	jge	.LBB5_6,
,"	addq	$8, %rsp","	addl	%r12d, %r14d",# %bb.2:                                #   in Loop: Header=BB5_1 Depth=1,
,	.cfi_remember_state,"	addl	%ebp, %ebx","	cmpl	%ebx, %r15d",
,	.cfi_def_cfa_offset 56,"	addl	%r14d, %ebx",	jge	.LBB5_5,
,"	addl	%ebp, %eax","	addl	%r15d, %ebx",# %bb.3:                                #   in Loop: Header=BB5_1 Depth=1,
,	popq	%rbx,"	movl	%ebx, %eax","	cmpl	%ebp, %ebx",
,	.cfi_def_cfa_offset 48,"	addq	$8, %rsp",	jge	.LBB5_7,
,	popq	%rbp,	.cfi_def_cfa_offset 56,# %bb.4:,
,	.cfi_def_cfa_offset 40,	popq	%rbx,"	addl	%ebp, %ebx",
,"	addl	%r13d, %eax",	.cfi_def_cfa_offset 48,	jmp	.LBB5_9,
,	popq	%r12,	popq	%r12,.LBB5_5:,
,	.cfi_def_cfa_offset 32,	.cfi_def_cfa_offset 40,"	addl	%ebx, %r15d",
,	popq	%r13,	popq	%r13,	jmp	.LBB5_9,
,	.cfi_def_cfa_offset 24,	.cfi_def_cfa_offset 32,.Lfunc_end5:,
,"	addl	%r14d, %eax",	popq	%r14,"	.size	jump_compression, .Lfunc_end5-jump_compression",
,	popq	%r14,	.cfi_def_cfa_offset 24,	.cfi_endproc,
,	.cfi_def_cfa_offset 16,	popq	%r15,                                        # -- End function,
,	popq	%r15,	.cfi_def_cfa_offset 16,,
,	.cfi_def_cfa_offset 8,	popq	%rbp,,
,	ret,	.cfi_def_cfa_offset 8,,
,"	.p2align 4,,10",	retq,,
,	.p2align 3,.LBB5_6:,,
,.L18:,	.cfi_def_cfa_offset 64,,
,	.cfi_restore_state,"	addl	%r12d, %r14d",,
,"	addl	%r13d, %ebp",	jmp	.LBB5_10,,
,	jmp	.L20,.Lfunc_end5:,,
,"	.p2align 4,,10","	.size	jump_compression, .Lfunc_end5-jump_compression",,
,	.p2align 3,	.cfi_endproc,,
,.L24:,                                        # -- End function,,
,"	addl	%r14d, %r13d",,,
,	jmp	.L20,,,
,	.cfi_endproc,,,
,.LFE42:,,,
,"	.size	jump_compression, .-jump_compression",,,
